<?xml version="1.0"?>
<doc>
    <assembly>
        <name>MaterialDesignThemes.Wpf</name>
    </assembly>
    <members>
        <member name="T:ControlzEx.PackIconBase`1">
            <summary>
            Base class for creating an icon control for icon packs.
            </summary>
            <typeparam name="TKind"></typeparam>
        </member>
        <member name="M:ControlzEx.PackIconBase`1.#ctor(System.Func{System.Collections.Generic.IDictionary{`0,System.String}})">
            <param name="dataIndexFactory">
            Inheritors should provide a factory for setting up the path data index (per icon kind).
            The factory will only be utilised once, across all closed instances (first instantiation wins).
            </param>
        </member>
        <member name="P:ControlzEx.PackIconBase`1.Kind">
            <summary>
            Gets or sets the icon to display.
            </summary>
        </member>
        <member name="P:ControlzEx.PackIconBase`1.Data">
            <summary>
            Gets the icon path data for the current <see cref="P:ControlzEx.PackIconBase`1.Kind"/>.
            </summary>
        </member>
        <member name="T:ControlzEx.PopupEx">
            <summary>
            This custom popup can be used by validation error templates or something else.
            It provides some additional nice features:
                - repositioning if host-window size or location changed
                - repositioning if host-window gets maximized and vice versa
                - it's only topmost if the host-window is activated
            </summary>
        </member>
        <member name="P:ControlzEx.PopupEx.CloseOnMouseLeftButtonDown">
            <summary>
            Gets/sets if the popup can be closed by left mouse button down.
            </summary>
        </member>
        <member name="M:ControlzEx.PopupEx.RefreshPosition">
            <summary>
            Causes the popup to update it's position according to it's current settings.
            </summary>
        </member>
        <member name="T:ControlzEx.PopupEx.SWP">
            <summary>
            SetWindowPos options
            </summary>
        </member>
        <member name="T:MaterialDesignThemes.Wpf.Card">
            <summary>
            A card is a content control, styled according to Material Design guidelines.
            </summary>
        </member>
        <member name="P:MaterialDesignThemes.Wpf.Chip.IsDeletable">
            <summary>
            Indicates if the delete button should be visible.
            </summary>
        </member>
        <member name="F:MaterialDesignThemes.Wpf.Chip.DeleteClickEvent">
            <summary>
            Event correspond to delete button left mouse button click 
            </summary>
        </member>
        <member name="E:MaterialDesignThemes.Wpf.Chip.DeleteClick">
            <summary>
            Add / Remove DeleteClickEvent handler 
            </summary>
        </member>
        <member name="M:MaterialDesignThemes.Wpf.ClockItemButton.OnClick">
            <summary> 
            This override method is called when the control is clicked by mouse or keyboard
            </summary> 
        </member>
        <member name="T:MaterialDesignThemes.Wpf.ColorZone">
            <summary>
            User a colour zone to easily switch the background and foreground colours, whilst still remaining within the selected Material Design palette.
            </summary>
        </member>
        <member name="F:MaterialDesignThemes.Wpf.ComboBoxAssist.ShowSelectedItemProperty">
            <summary>
            By default the selected item his hidden from the drop down list, as per Material Design specifications. 
            To revert to a more classic Windows desktop behaviour, and show the currently selected item again in the drop
            down, set this attached propety to true.
            </summary>
        </member>
        <member name="T:MaterialDesignThemes.Wpf.Converters.CalendarDateCoalesceConverter">
            <summary>
            Help us format the content of a header button in a calendar.
            </summary>
            <remarks>
            Expected items, in the following order:
                1) DateTime Calendar.DisplayDate
                2) DateTime? Calendar.SelectedDate
            </remarks>
        </member>
        <member name="T:MaterialDesignThemes.Wpf.Converters.HintProxyFabricConverter">
            <summary>
            Converter for <see cref="T:MaterialDesignThemes.Wpf.SmartHint"/> control. Can be extended by <see cref="M:MaterialDesignThemes.Wpf.HintProxyFabric.RegisterBuilder(System.Func{System.Windows.Controls.Control,System.Boolean},System.Func{System.Windows.Controls.Control,MaterialDesignThemes.Wpf.IHintProxy})"/> method.
            </summary>
        </member>
        <member name="M:MaterialDesignThemes.Wpf.Converters.CardClipConverter.Convert(System.Object[],System.Type,System.Object,System.Globalization.CultureInfo)">
            <summary>
            1 - Content presenter render size,
            2 - Clipping border padding (main control padding)
            </summary>
            <param name="values"></param>
            <param name="targetType"></param>
            <param name="parameter"></param>
            <param name="culture"></param>
            <returns></returns>
        </member>
        <member name="M:MaterialDesignThemes.Wpf.DialogClosingEventArgs.Cancel">
            <summary>
            Cancel the close.
            </summary>
        </member>
        <member name="P:MaterialDesignThemes.Wpf.DialogClosingEventArgs.IsCancelled">
            <summary>
            Indicates if the close has already been cancelled.
            </summary>
        </member>
        <member name="P:MaterialDesignThemes.Wpf.DialogClosingEventArgs.Parameter">
            <summary>
            Gets the paramter originally provided to <see cref="F:MaterialDesignThemes.Wpf.DialogHost.CloseDialogCommand"/>/
            </summary>
        </member>
        <member name="P:MaterialDesignThemes.Wpf.DialogClosingEventArgs.Session">
            <summary>
            Allows interation with the current dialog session.
            </summary>
        </member>
        <member name="P:MaterialDesignThemes.Wpf.DialogClosingEventArgs.Content">
            <summary>
            Gets the <see cref="P:MaterialDesignThemes.Wpf.DialogHost.DialogContent"/> which is currently displayed, so this could be a view model or a UI element.
            </summary>
        </member>
        <member name="T:MaterialDesignThemes.Wpf.DialogHostEx">
            <summary>
            Helper extensions for showing dialogs.
            </summary>
        </member>
        <member name="M:MaterialDesignThemes.Wpf.DialogHostEx.ShowDialog(System.Windows.Window,System.Object)">
            <summary>
            Shows a dialog using the first found <see cref="T:MaterialDesignThemes.Wpf.DialogHost"/> in a given <see cref="T:System.Windows.Window"/>.
            </summary>
            <param name="window">Window on which the modal dialog should be displayed. Must contain a <see cref="T:MaterialDesignThemes.Wpf.DialogHost"/>.</param>
            <param name="content"></param>
            <exception cref="T:System.InvalidOperationException">
            Thrown is a <see cref="T:MaterialDesignThemes.Wpf.DialogHost"/> is not found when conducting a depth first traversal of visual tree.  
            </exception>
            <remarks>
            As a depth first traversal of the window's visual tree is performed, it is not safe to use this method in a situtation where a screen has multiple <see cref="T:MaterialDesignThemes.Wpf.DialogHost"/>s.
            </remarks>
            <returns></returns>
        </member>
        <member name="M:MaterialDesignThemes.Wpf.DialogHostEx.ShowDialog(System.Windows.Window,System.Object,MaterialDesignThemes.Wpf.DialogOpenedEventHandler)">
            <summary>
            Shows a dialog using the first found <see cref="T:MaterialDesignThemes.Wpf.DialogHost"/> in a given <see cref="T:System.Windows.Window"/>.
            </summary>
            <param name="window">Window on which the modal dialog should be displayed. Must contain a <see cref="T:MaterialDesignThemes.Wpf.DialogHost"/>.</param>
            <param name="content">Content to show (can be a control or view model).</param>
            <param name="openedEventHandler">Allows access to opened event which would otherwise have been subscribed to on a instance.</param>
            <exception cref="T:System.InvalidOperationException">
            Thrown is a <see cref="T:MaterialDesignThemes.Wpf.DialogHost"/> is not found when conducting a depth first traversal of visual tree.  
            </exception>
            <remarks>
            As a depth first traversal of the window's visual tree is performed, it is not safe to use this method in a situtation where a screen has multiple <see cref="T:MaterialDesignThemes.Wpf.DialogHost"/>s.
            </remarks>
            <returns></returns>
        </member>
        <member name="M:MaterialDesignThemes.Wpf.DialogHostEx.ShowDialog(System.Windows.Window,System.Object,MaterialDesignThemes.Wpf.DialogClosingEventHandler)">
            <summary>
            Shows a dialog using the first found <see cref="T:MaterialDesignThemes.Wpf.DialogHost"/> in a given <see cref="T:System.Windows.Window"/>.
            </summary>
            <param name="window">Window on which the modal dialog should be displayed. Must contain a <see cref="T:MaterialDesignThemes.Wpf.DialogHost"/>.</param>
            <param name="content">Content to show (can be a control or view model).</param>
            <param name="closingEventHandler">Allows access to closing event which would otherwise have been subscribed to on a instance.</param>
            <exception cref="T:System.InvalidOperationException">
            Thrown is a <see cref="T:MaterialDesignThemes.Wpf.DialogHost"/> is not found when conducting a depth first traversal of visual tree.  
            </exception>
            <remarks>
            As a depth first traversal of the window's visual tree is performed, it is not safe to use this method in a situtation where a screen has multiple <see cref="T:MaterialDesignThemes.Wpf.DialogHost"/>s.
            </remarks>
            <returns></returns>
        </member>
        <member name="M:MaterialDesignThemes.Wpf.DialogHostEx.ShowDialog(System.Windows.Window,System.Object,MaterialDesignThemes.Wpf.DialogOpenedEventHandler,MaterialDesignThemes.Wpf.DialogClosingEventHandler)">
            <summary>
            Shows a dialog using the first found <see cref="T:MaterialDesignThemes.Wpf.DialogHost"/> in a given <see cref="T:System.Windows.Window"/>.
            </summary>
            <param name="window">Window on which the modal dialog should be displayed. Must contain a <see cref="T:MaterialDesignThemes.Wpf.DialogHost"/>.</param>
            <param name="content">Content to show (can be a control or view model).</param>
            <param name="openedEventHandler">Allows access to opened event which would otherwise have been subscribed to on a instance.</param>
            <param name="closingEventHandler">Allows access to closing event which would otherwise have been subscribed to on a instance.</param>
            <exception cref="T:System.InvalidOperationException">
            Thrown is a <see cref="T:MaterialDesignThemes.Wpf.DialogHost"/> is not found when conducting a depth first traversal of visual tree.  
            </exception>
            <remarks>
            As a depth first traversal of the window's visual tree is performed, it is not safe to use this method in a situtation where a screen has multiple <see cref="T:MaterialDesignThemes.Wpf.DialogHost"/>s.
            </remarks>
            <returns></returns>
        </member>
        <member name="M:MaterialDesignThemes.Wpf.DialogHostEx.ShowDialog(System.Windows.DependencyObject,System.Object)">
            <summary>
            Shows a dialog using the parent/ancestor <see cref="T:MaterialDesignThemes.Wpf.DialogHost"/> of the a given <see cref="T:System.Windows.DependencyObject"/>.
            </summary>
            <param name="childDependencyObject">Dependency object which should be a visual child of a <see cref="T:MaterialDesignThemes.Wpf.DialogHost"/>, where the dialog will be shown.</param>        
            <param name="content">Content to show (can be a control or view model).</param>
            <exception cref="T:System.InvalidOperationException">
            Thrown is a <see cref="T:MaterialDesignThemes.Wpf.DialogHost"/> is not found when conducting a depth first traversal of visual tree.  
            </exception>
            <returns></returns>
        </member>
        <member name="M:MaterialDesignThemes.Wpf.DialogHostEx.ShowDialog(System.Windows.DependencyObject,System.Object,MaterialDesignThemes.Wpf.DialogOpenedEventHandler)">
            <summary>
            Shows a dialog using the parent/ancestor <see cref="T:MaterialDesignThemes.Wpf.DialogHost"/> of the a given <see cref="T:System.Windows.DependencyObject"/>.
            </summary>
            <param name="childDependencyObject">Dependency object which should be a visual child of a <see cref="T:MaterialDesignThemes.Wpf.DialogHost"/>, where the dialog will be shown.</param>        
            <param name="content">Content to show (can be a control or view model).</param>
            <param name="openedEventHandler">Allows access to opened event which would otherwise have been subscribed to on a instance.</param>
            <exception cref="T:System.InvalidOperationException">
            Thrown is a <see cref="T:MaterialDesignThemes.Wpf.DialogHost"/> is not found when conducting a depth first traversal of visual tree.  
            </exception>
            <returns></returns>
        </member>
        <member name="M:MaterialDesignThemes.Wpf.DialogHostEx.ShowDialog(System.Windows.DependencyObject,System.Object,MaterialDesignThemes.Wpf.DialogClosingEventHandler)">
            <summary>
            Shows a dialog using the parent/ancestor <see cref="T:MaterialDesignThemes.Wpf.DialogHost"/> of the a given <see cref="T:System.Windows.DependencyObject"/>.
            </summary>
            <param name="childDependencyObject">Dependency object which should be a visual child of a <see cref="T:MaterialDesignThemes.Wpf.DialogHost"/>, where the dialog will be shown.</param>        
            <param name="content">Content to show (can be a control or view model).</param>
            <param name="closingEventHandler">Allows access to closing event which would otherwise have been subscribed to on a instance.</param>
            <exception cref="T:System.InvalidOperationException">
            Thrown is a <see cref="T:MaterialDesignThemes.Wpf.DialogHost"/> is not found when conducting a depth first traversal of visual tree.  
            </exception>
            <returns></returns>
        </member>
        <member name="M:MaterialDesignThemes.Wpf.DialogHostEx.ShowDialog(System.Windows.DependencyObject,System.Object,MaterialDesignThemes.Wpf.DialogOpenedEventHandler,MaterialDesignThemes.Wpf.DialogClosingEventHandler)">
            <summary>
            Shows a dialog using the parent/ancestor <see cref="T:MaterialDesignThemes.Wpf.DialogHost"/> of the a given <see cref="T:System.Windows.DependencyObject"/>.
            </summary>
            <param name="childDependencyObject">Dependency object which should be a visual child of a <see cref="T:MaterialDesignThemes.Wpf.DialogHost"/>, where the dialog will be shown.</param>        
            <param name="content">Content to show (can be a control or view model).</param>
            <param name="openedEventHandler">Allows access to opened event which would otherwise have been subscribed to on a instance.</param>
            <param name="closingEventHandler">Allows access to closing event which would otherwise have been subscribed to on a instance.</param>
            <exception cref="T:System.InvalidOperationException">
            Thrown is a <see cref="T:MaterialDesignThemes.Wpf.DialogHost"/> is not found when conducting a depth first traversal of visual tree.  
            </exception>
            <returns></returns>
        </member>
        <member name="P:MaterialDesignThemes.Wpf.DialogOpenedEventArgs.Session">
            <summary>
            Allows interation with the current dialog session.
            </summary>
        </member>
        <member name="T:MaterialDesignThemes.Wpf.DialogSession">
            <summary>
            Allows an open dialog to be managed. Use is only permitted during a single display operation.
            </summary>
        </member>
        <member name="P:MaterialDesignThemes.Wpf.DialogSession.IsEnded">
            <summary>
            Indicates if the dialog session has ended.  Once ended no further method calls will be permitted.
            </summary>
            <remarks>
            Client code cannot set this directly, this is internally managed.  To end the dicalog session use <see cref="M:MaterialDesignThemes.Wpf.DialogSession.Close"/>.
            </remarks>
        </member>
        <member name="P:MaterialDesignThemes.Wpf.DialogSession.Content">
            <summary>
            Gets the <see cref="P:MaterialDesignThemes.Wpf.DialogHost.DialogContent"/> which is currently displayed, so this could be a view model or a UI element.
            </summary>
        </member>
        <member name="M:MaterialDesignThemes.Wpf.DialogSession.UpdateContent(System.Object)">
            <summary>
            Update the currrent content in the dialog.
            </summary>
            <param name="content"></param>
        </member>
        <member name="M:MaterialDesignThemes.Wpf.DialogSession.Close">
            <summary>
            Closes the dialog.
            </summary>
            <exception cref="T:System.InvalidOperationException">Thrown if the dialog session has ended, or a close operation is currently in progress.</exception>
        </member>
        <member name="M:MaterialDesignThemes.Wpf.DialogSession.Close(System.Object)">
            <summary>
            Closes the dialog.
            </summary>
            <param name="parameter">Result parameter which will be returned in <see cref="P:MaterialDesignThemes.Wpf.DialogClosingEventArgs.Parameter"/> or from <see cref="M:MaterialDesignThemes.Wpf.DialogHost.Show(System.Object)"/> method.</param>
            <exception cref="T:System.InvalidOperationException">Thrown if the dialog session has ended, or a close operation is currently in progress.</exception>
        </member>
        <member name="T:MaterialDesignThemes.Wpf.DialogHostOpenDialogCommandDataContextSource">
            <summary>
            Defines how a data context is sourced for a dialog if a <see cref="T:System.Windows.FrameworkElement"/>
            is passed as the command parameter when using <see cref="F:MaterialDesignThemes.Wpf.DialogHost.OpenDialogCommand"/>.
            </summary>
        </member>
        <member name="F:MaterialDesignThemes.Wpf.DialogHostOpenDialogCommandDataContextSource.SenderElement">
            <summary>
            The data context from the sender element (typically a <see cref="T:System.Windows.Controls.Button"/>) 
            is applied to the content.
            </summary>
        </member>
        <member name="F:MaterialDesignThemes.Wpf.DialogHostOpenDialogCommandDataContextSource.DialogHostInstance">
            <summary>
            The data context from the <see cref="T:MaterialDesignThemes.Wpf.DialogHost"/> is applied to the content.
            </summary>
        </member>
        <member name="F:MaterialDesignThemes.Wpf.DialogHostOpenDialogCommandDataContextSource.None">
            <summary>
            The data context is explicitly set to <c>null</c>.
            </summary>
        </member>
        <member name="F:MaterialDesignThemes.Wpf.DialogHost.OpenDialogCommand">
            <summary>
            Routed command to be used somewhere inside an instance to trigger showing of the dialog. Content can be passed to the dialog via a <see cref="!:Button.CommandParameter"/>.
            </summary>
        </member>
        <member name="F:MaterialDesignThemes.Wpf.DialogHost.CloseDialogCommand">
            <summary>
            Routed command to be used inside dialog content to close a dialog. Use a <see cref="!:Button.CommandParameter"/> to indicate the result of the parameter.
            </summary>
        </member>
        <member name="M:MaterialDesignThemes.Wpf.DialogHost.Show(System.Object)">
            <summary>
            Shows a modal dialog. To use, a <see cref="T:MaterialDesignThemes.Wpf.DialogHost"/> instance must be in a visual tree (typically this may be specified towards the root of a Window's XAML).
            </summary>
            <param name="content">Content to show (can be a control or view model).</param>
            <returns>Task result is the parameter used to close the dialog, typically what is passed to the <see cref="F:MaterialDesignThemes.Wpf.DialogHost.CloseDialogCommand"/> command.</returns>
        </member>
        <member name="M:MaterialDesignThemes.Wpf.DialogHost.Show(System.Object,MaterialDesignThemes.Wpf.DialogOpenedEventHandler)">
            <summary>
            Shows a modal dialog. To use, a <see cref="T:MaterialDesignThemes.Wpf.DialogHost"/> instance must be in a visual tree (typically this may be specified towards the root of a Window's XAML).
            </summary>
            <param name="content">Content to show (can be a control or view model).</param>        
            <param name="openedEventHandler">Allows access to opened event which would otherwise have been subscribed to on a instance.</param>        
            <returns>Task result is the parameter used to close the dialog, typically what is passed to the <see cref="F:MaterialDesignThemes.Wpf.DialogHost.CloseDialogCommand"/> command.</returns>
        </member>
        <member name="M:MaterialDesignThemes.Wpf.DialogHost.Show(System.Object,MaterialDesignThemes.Wpf.DialogClosingEventHandler)">
            <summary>
            Shows a modal dialog. To use, a <see cref="T:MaterialDesignThemes.Wpf.DialogHost"/> instance must be in a visual tree (typically this may be specified towards the root of a Window's XAML).
            </summary>
            <param name="content">Content to show (can be a control or view model).</param>
            <param name="closingEventHandler">Allows access to closing event which would otherwise have been subscribed to on a instance.</param>
            <returns>Task result is the parameter used to close the dialog, typically what is passed to the <see cref="F:MaterialDesignThemes.Wpf.DialogHost.CloseDialogCommand"/> command.</returns>
        </member>
        <member name="M:MaterialDesignThemes.Wpf.DialogHost.Show(System.Object,MaterialDesignThemes.Wpf.DialogOpenedEventHandler,MaterialDesignThemes.Wpf.DialogClosingEventHandler)">
            <summary>
            Shows a modal dialog. To use, a <see cref="T:MaterialDesignThemes.Wpf.DialogHost"/> instance must be in a visual tree (typically this may be specified towards the root of a Window's XAML).
            </summary>
            <param name="content">Content to show (can be a control or view model).</param>        
            <param name="openedEventHandler">Allows access to opened event which would otherwise have been subscribed to on a instance.</param>
            <param name="closingEventHandler">Allows access to closing event which would otherwise have been subscribed to on a instance.</param>
            <returns>Task result is the parameter used to close the dialog, typically what is passed to the <see cref="F:MaterialDesignThemes.Wpf.DialogHost.CloseDialogCommand"/> command.</returns>
        </member>
        <member name="M:MaterialDesignThemes.Wpf.DialogHost.Show(System.Object,System.Object)">
            <summary>
            Shows a modal dialog. To use, a <see cref="T:MaterialDesignThemes.Wpf.DialogHost"/> instance must be in a visual tree (typically this may be specified towards the root of a Window's XAML).
            </summary>
            <param name="content">Content to show (can be a control or view model).</param>
            <param name="dialogIdentifier"><see cref="P:MaterialDesignThemes.Wpf.DialogHost.Identifier"/> of the instance where the dialog should be shown. Typically this will match an identifer set in XAML. <c>null</c> is allowed.</param>
            <returns>Task result is the parameter used to close the dialog, typically what is passed to the <see cref="F:MaterialDesignThemes.Wpf.DialogHost.CloseDialogCommand"/> command.</returns>
        </member>
        <member name="M:MaterialDesignThemes.Wpf.DialogHost.Show(System.Object,System.Object,MaterialDesignThemes.Wpf.DialogOpenedEventHandler)">
            <summary>
            Shows a modal dialog. To use, a <see cref="T:MaterialDesignThemes.Wpf.DialogHost"/> instance must be in a visual tree (typically this may be specified towards the root of a Window's XAML).
            </summary>
            <param name="content">Content to show (can be a control or view model).</param>
            <param name="dialogIdentifier"><see cref="P:MaterialDesignThemes.Wpf.DialogHost.Identifier"/> of the instance where the dialog should be shown. Typically this will match an identifer set in XAML. <c>null</c> is allowed.</param>
            <param name="openedEventHandler">Allows access to opened event which would otherwise have been subscribed to on a instance.</param>
            <returns>Task result is the parameter used to close the dialog, typically what is passed to the <see cref="F:MaterialDesignThemes.Wpf.DialogHost.CloseDialogCommand"/> command.</returns>
        </member>
        <member name="M:MaterialDesignThemes.Wpf.DialogHost.Show(System.Object,System.Object,MaterialDesignThemes.Wpf.DialogClosingEventHandler)">
            <summary>
            Shows a modal dialog. To use, a <see cref="T:MaterialDesignThemes.Wpf.DialogHost"/> instance must be in a visual tree (typically this may be specified towards the root of a Window's XAML).
            </summary>
            <param name="content">Content to show (can be a control or view model).</param>
            <param name="dialogIdentifier"><see cref="P:MaterialDesignThemes.Wpf.DialogHost.Identifier"/> of the instance where the dialog should be shown. Typically this will match an identifer set in XAML. <c>null</c> is allowed.</param>        
            <param name="closingEventHandler">Allows access to closing event which would otherwise have been subscribed to on a instance.</param>
            <returns>Task result is the parameter used to close the dialog, typically what is passed to the <see cref="F:MaterialDesignThemes.Wpf.DialogHost.CloseDialogCommand"/> command.</returns>
        </member>
        <member name="M:MaterialDesignThemes.Wpf.DialogHost.Show(System.Object,System.Object,MaterialDesignThemes.Wpf.DialogOpenedEventHandler,MaterialDesignThemes.Wpf.DialogClosingEventHandler)">
            <summary>
            Shows a modal dialog. To use, a <see cref="T:MaterialDesignThemes.Wpf.DialogHost"/> instance must be in a visual tree (typically this may be specified towards the root of a Window's XAML).
            </summary>
            <param name="content">Content to show (can be a control or view model).</param>
            <param name="dialogIdentifier"><see cref="P:MaterialDesignThemes.Wpf.DialogHost.Identifier"/> of the instance where the dialog should be shown. Typically this will match an identifer set in XAML. <c>null</c> is allowed.</param>
            <param name="openedEventHandler">Allows access to opened event which would otherwise have been subscribed to on a instance.</param>
            <param name="closingEventHandler">Allows access to closing event which would otherwise have been subscribed to on a instance.</param>
            <returns>Task result is the parameter used to close the dialog, typically what is passed to the <see cref="F:MaterialDesignThemes.Wpf.DialogHost.CloseDialogCommand"/> command.</returns>
        </member>
        <member name="P:MaterialDesignThemes.Wpf.DialogHost.Identifier">
            <summary>
            Identifier which is used in conjunction with <see cref="M:MaterialDesignThemes.Wpf.DialogHost.Show(System.Object)"/> to determine where a dialog should be shown.
            </summary>
        </member>
        <member name="P:MaterialDesignThemes.Wpf.DialogHost.OpenDialogCommandDataContextSource">
            <summary>
            Defines how a data context is sourced for a dialog if a <see cref="T:System.Windows.FrameworkElement"/>
            is passed as the command parameter when using <see cref="F:MaterialDesignThemes.Wpf.DialogHost.OpenDialogCommand"/>.
            </summary>
        </member>
        <member name="P:MaterialDesignThemes.Wpf.DialogHost.CloseOnClickAway">
            <summary>
            Indicates whether the dialog will close if the user clicks off the dialog, on the obscured background.
            </summary>
        </member>
        <member name="P:MaterialDesignThemes.Wpf.DialogHost.CloseOnClickAwayParameter">
            <summary>
            Parameter to provide to close handlers if an close due to click away is instigated.
            </summary>
        </member>
        <member name="E:MaterialDesignThemes.Wpf.DialogHost.DialogOpened">
            <summary>
            Raised when a dialog is opened.
            </summary>
        </member>
        <member name="F:MaterialDesignThemes.Wpf.DialogHost.DialogOpenedAttachedProperty">
            <summary>
            Attached property which can be used on the <see cref="T:System.Windows.Controls.Button"/> which instigated the <see cref="F:MaterialDesignThemes.Wpf.DialogHost.OpenDialogCommand"/> to process the event.
            </summary>
        </member>
        <member name="P:MaterialDesignThemes.Wpf.DialogHost.DialogOpenedCallback">
            <summary>
            Callback fired when the <see cref="E:MaterialDesignThemes.Wpf.DialogHost.DialogOpened"/> event is fired, allowing the event to be processed from a binding/view model.
            </summary>
        </member>
        <member name="E:MaterialDesignThemes.Wpf.DialogHost.DialogClosing">
            <summary>
            Raised just before a dialog is closed.
            </summary>
        </member>
        <member name="F:MaterialDesignThemes.Wpf.DialogHost.DialogClosingAttachedProperty">
            <summary>
            Attached property which can be used on the <see cref="T:System.Windows.Controls.Button"/> which instigated the <see cref="F:MaterialDesignThemes.Wpf.DialogHost.OpenDialogCommand"/> to process the closing event.
            </summary>
        </member>
        <member name="P:MaterialDesignThemes.Wpf.DialogHost.DialogClosingCallback">
            <summary>
            Callback fired when the <see cref="E:MaterialDesignThemes.Wpf.DialogHost.DialogClosing"/> event is fired, allowing the event to be processed from a binding/view model.
            </summary>
        </member>
        <member name="M:MaterialDesignThemes.Wpf.DialogHost.FocusPopup">
            <summary>
            Attempts to focus the content of a popup.
            </summary>
            <returns>The popup content.</returns>
        </member>
        <member name="M:MaterialDesignThemes.Wpf.Extensions.GetVisualAncestry(System.Windows.DependencyObject)">
            <summary>
            Returns full visual ancestry, starting at the leaf.
            </summary>
            <param name="leaf"></param>
            <returns></returns>
        </member>
        <member name="F:MaterialDesignThemes.Wpf.HintAssist.HintProperty">
            <summary>
            The hint property
            </summary>
        </member>
        <member name="M:MaterialDesignThemes.Wpf.HintAssist.SetHint(System.Windows.DependencyObject,System.Object)">
            <summary>
            Sets the hint.
            </summary>
            <param name="element">The element.</param>
            <param name="value">The value.</param>
        </member>
        <member name="M:MaterialDesignThemes.Wpf.HintAssist.GetHint(System.Windows.DependencyObject)">
            <summary>
            Gets the hint.
            </summary>
            <param name="element">The element.</param>
            <returns>
            The <see cref="T:System.String" />.
            </returns>
        </member>
        <member name="F:MaterialDesignThemes.Wpf.HintAssist.HintOpacityProperty">
            <summary>
            The hint opacity property
            </summary>
        </member>
        <member name="M:MaterialDesignThemes.Wpf.HintAssist.GetHintOpacityProperty(System.Windows.DependencyObject)">
            <summary>
            Gets the text box view margin.
            </summary>
            <param name="element">The element.</param>
            <returns>
            The <see cref="T:System.Windows.Thickness" />.
            </returns>
        </member>
        <member name="M:MaterialDesignThemes.Wpf.HintAssist.SetHintOpacity(System.Windows.DependencyObject,System.Double)">
            <summary>
            Sets the hint opacity.
            </summary>
            <param name="element">The element.</param>
            <param name="value">The value.</param>
        </member>
        <member name="T:MaterialDesignThemes.Wpf.Icon">
            <summary>
            Displays an icon image/path, according to the specified <see cref="P:MaterialDesignThemes.Wpf.Icon.Type"/> name.
            </summary>
            <remarks>
            All icons sourced from Material Design Icons Font - <see cref="!:https://materialdesignicons.com/"/> - in accordance of 
            <see cref="!:https://github.com/Templarian/MaterialDesign/blob/master/license.txt"/>.
            </remarks>
        </member>
        <member name="P:MaterialDesignThemes.Wpf.Icon.Type">
            <summary>
            Gets or sets the name of icon being displayed.
            </summary>
        </member>
        <member name="T:MaterialDesignThemes.Wpf.IconType">
            <summary>
            List of available icons for use with <see cref="T:MaterialDesignThemes.Wpf.Icon"/>.
            </summary>
            <remarks>
            All icons sourced from Material Design Icons Font - <see cref="!:https://materialdesignicons.com/"/> - in accordance of 
            <see cref="!:https://github.com/Templarian/MaterialDesign/blob/master/license.txt"/>.
            </remarks>
        </member>
        <member name="T:MaterialDesignThemes.Wpf.Palette">
            <summary>
            Provides full information about a palette.
            </summary>
        </member>
        <member name="T:MaterialDesignThemes.Wpf.Transitions.IndexedItemOffsetMultiplierExtension">
            <summary>
            Multiplies a time span unit by the index of an item in a list.  
            </summary>
            <remarks>
            Example usage is for a <see cref="T:MaterialDesignThemes.Wpf.Transitions.TransitioningContent"/> to have a <see cref="P:MaterialDesignThemes.Wpf.Transitions.TransitionEffect.OffsetTime" />
            time delayed according to position in a list, so cascading animations can occur.
            </remarks>
        </member>
        <member name="T:MaterialDesignThemes.Wpf.Transitions.TransitionAssist">
            <summary>
            Allows transitions to be disabled where supported.
            </summary>
        </member>
        <member name="F:MaterialDesignThemes.Wpf.Transitions.TransitionAssist.DisableTransitionsProperty">
            <summary>
            Allows transitions to be disabled where supported.  Note this is an inheritable property.
            </summary>
        </member>
        <member name="M:MaterialDesignThemes.Wpf.Transitions.TransitionAssist.SetDisableTransitions(System.Windows.DependencyObject,System.Boolean)">
            <summary>
            Allows transitions to be disabled where supported.  Note this is an inheritable property.
            </summary>
        </member>
        <member name="M:MaterialDesignThemes.Wpf.Transitions.TransitionAssist.GetDisableTransitions(System.Windows.DependencyObject)">
            <summary>
            Allows transitions to be disabled where supported.  Note this is an inheritable property.
            </summary>
        </member>
        <member name="T:MaterialDesignThemes.Wpf.Transitions.Transitioner">
            <summary>
            The transitioner provides an easy way to move between content with a default in-place circular transition.
            </summary>
        </member>
        <member name="F:MaterialDesignThemes.Wpf.Transitions.Transitioner.MoveNextCommand">
            <summary>
            Causes the the next slide to be displayed (affectively increments <see cref="!:SelectedIndex"/>).
            </summary>
        </member>
        <member name="F:MaterialDesignThemes.Wpf.Transitions.Transitioner.MovePreviousCommand">
            <summary>
            Causes the the previous slide to be displayed (affectively decrements <see cref="!:SelectedIndex"/>).
            </summary>
        </member>
        <member name="F:MaterialDesignThemes.Wpf.Transitions.Transitioner.MoveFirstCommand">
            <summary>
            Moves to the first slide.
            </summary>
        </member>
        <member name="F:MaterialDesignThemes.Wpf.Transitions.Transitioner.MoveLastCommand">
            <summary>
            Moves to the last slide.
            </summary>
        </member>
        <member name="T:MaterialDesignThemes.Wpf.Transitions.TransitionerSlide">
            <summary>
            Content control to host the content of an individual page within a <see cref="T:MaterialDesignThemes.Wpf.Transitions.Transitioner"/>.
            </summary>
        </member>
        <member name="T:MaterialDesignThemes.Wpf.Transitions.TransitioningContent">
            <summary>
            Content control to enable easier transitions.
            </summary>
        </member>
        <member name="P:MaterialDesignThemes.Wpf.Transitions.TransitioningContentBase.OpeningEffect">
            <summary>
            Gets or sets the transition to run when the content is loaded and made visible.
            </summary>
        </member>
        <member name="P:MaterialDesignThemes.Wpf.Transitions.TransitioningContentBase.OpeningEffectsOffset">
            <summary>
            Delay offset to be applied to all opening effect transitions.
            </summary>
        </member>
        <member name="P:MaterialDesignThemes.Wpf.Transitions.TransitioningContentBase.OpeningEffects">
            <summary>
            Allows multiple transition effects to be combined and run upon the content loading or being made visible.
            </summary>
        </member>
        <member name="T:MaterialDesignThemes.Wpf.IHintProxy">
            <summary>
            This interface is the adapter from UiControl (like <see cref="T:System.Windows.Controls.TextBox"/>, <see cref="T:System.Windows.Controls.ComboBox"/> and others) to <see cref="T:MaterialDesignThemes.Wpf.SmartHint"/>
            <para/>
            You should implement this interface in order to use SmartHint for your own control.
            </summary>
        </member>
        <member name="P:MaterialDesignThemes.Wpf.MaterialDataGridTextColumn.MaxLength">
            <summary>
            Set the maximum length for the text field.
            </summary>
            <remarks>Not a dprop, as is only applied once.</remarks>
        </member>
        <member name="M:MaterialDesignThemes.Wpf.MaterialDateDisplay.GetDateFormat(System.Globalization.CultureInfo)">
            <summary>
            Ripped straight from .Net FX.
            </summary>
            <param name="culture"></param>
            <returns></returns>
        </member>
        <member name="T:MaterialDesignThemes.Wpf.PackIcon">
            <summary>
            Icon from the Material Design Icons project, <see cref="!:https://materialdesignicons.com/"/>.
            </summary>
        </member>
        <member name="T:MaterialDesignThemes.Wpf.PackIconDataFactory">
            ******************************************
            This code is auto generated. Do not amend.
            ******************************************
        </member>
        <member name="T:MaterialDesignThemes.Wpf.PackIconKind">
            ******************************************
            This code is auto generated. Do not amend.
            ******************************************
            <summary>
            List of available icons for use with <see cref="T:MaterialDesignThemes.Wpf.PackIcon" />.
            </summary>
            <remarks>
            All icons sourced from Material Design Icons Font - <see cref="!:https://materialdesignicons.com/"/> - in accordance of 
            <see cref="!:https://github.com/Templarian/MaterialDesign/blob/master/license.txt"/>.
            </remarks>
        </member>
        <member name="T:MaterialDesignThemes.Wpf.PopupBoxPlacementMode">
            <summary>
            Defines how the <see cref="T:MaterialDesignThemes.Wpf.PopupBox"/> popup is aligned to the toggle part of the control.
            </summary>
        </member>
        <member name="F:MaterialDesignThemes.Wpf.PopupBoxPlacementMode.BottomAndAlignLeftEdges">
            <summary>
            Display the popup below the toggle, and align the left edges.3
            </summary>
        </member>
        <member name="F:MaterialDesignThemes.Wpf.PopupBoxPlacementMode.BottomAndAlignRightEdges">
            <summary>
            Display the popup below the toggle, and align the right edges.
            </summary>
        </member>
        <member name="F:MaterialDesignThemes.Wpf.PopupBoxPlacementMode.BottomAndAlignCentres">
            <summary>
            Display the popup below the toggle, and align the center of the popup with the center of the toggle.
            </summary>
        </member>
        <member name="F:MaterialDesignThemes.Wpf.PopupBoxPlacementMode.TopAndAlignLeftEdges">
            <summary>
            Display the popup above the toggle, and align the left edges.
            </summary>
        </member>
        <member name="F:MaterialDesignThemes.Wpf.PopupBoxPlacementMode.TopAndAlignRightEdges">
            <summary>
            Display the popup above the toggle, and align the right edges.
            </summary>
        </member>
        <member name="F:MaterialDesignThemes.Wpf.PopupBoxPlacementMode.TopAndAlignCentres">
            <summary>
            Display the popup above the toggle, and align the center of the popup with the center of the toggle.
            </summary>
        </member>
        <member name="F:MaterialDesignThemes.Wpf.PopupBoxPlacementMode.LeftAndAlignTopEdges">
            <summary>
            Display the popup to the left of the toggle, and align the top edges.
            </summary>
        </member>
        <member name="F:MaterialDesignThemes.Wpf.PopupBoxPlacementMode.LeftAndAlignBottomEdges">
            <summary>
            Display the popup to the left of the toggle, and align the bottom edges.
            </summary>
        </member>
        <member name="F:MaterialDesignThemes.Wpf.PopupBoxPlacementMode.LeftAndAlignMiddles">
            <summary>
            Display the popup to the left of the toggle, and align the middles.
            </summary>
        </member>
        <member name="F:MaterialDesignThemes.Wpf.PopupBoxPlacementMode.RightAndAlignTopEdges">
            <summary>
            Display the popup to the right of the toggle, and align the top edges.
            </summary>
        </member>
        <member name="F:MaterialDesignThemes.Wpf.PopupBoxPlacementMode.RightAndAlignBottomEdges">
            <summary>
            Display the popup to the right of the toggle, and align the bottom edges.
            </summary>
        </member>
        <member name="F:MaterialDesignThemes.Wpf.PopupBoxPlacementMode.RightAndAlignMiddles">
            <summary>
            Display the popup to the right of the toggle, and align the middles.
            </summary>
        </member>
        <member name="T:MaterialDesignThemes.Wpf.PopupBoxPopupMode">
            <summary>
            Defines what causes the <see cref="T:MaterialDesignThemes.Wpf.PopupBox"/> to open it's popup.
            </summary>
        </member>
        <member name="F:MaterialDesignThemes.Wpf.PopupBoxPopupMode.Click">
            <summary>
            Open when the toggle button is clicked.
            </summary>
        </member>
        <member name="F:MaterialDesignThemes.Wpf.PopupBoxPopupMode.MouseOver">
            <summary>
            Open when the mouse goes over the toggle button.
            </summary>
        </member>
        <member name="F:MaterialDesignThemes.Wpf.PopupBoxPopupMode.MouseOverEager">
            <summary>
            Open when the mouse goes over the toggle button, or the space in which the popup box would occupy should it be open.
            </summary>
        </member>
        <member name="T:MaterialDesignThemes.Wpf.PopupBox">
            <summary>
            Popup box, similar to a <see cref="T:System.Windows.Controls.ComboBox"/>, but allows more customizable content.    
            </summary>
        </member>
        <member name="P:MaterialDesignThemes.Wpf.PopupBox.ToggleContent">
            <summary>
            Content to display in the toggle button.
            </summary>
        </member>
        <member name="P:MaterialDesignThemes.Wpf.PopupBox.ToggleContentTemplate">
            <summary>
            Template for <see cref="P:MaterialDesignThemes.Wpf.PopupBox.ToggleContent"/>.
            </summary>
        </member>
        <member name="P:MaterialDesignThemes.Wpf.PopupBox.ToggleCheckedContent">
            <summary>
            Content to display in the toggle when it's checked (when the popup is open). Optional; if not provided the <see cref="P:MaterialDesignThemes.Wpf.PopupBox.ToggleContent"/> is used.
            </summary>
        </member>
        <member name="P:MaterialDesignThemes.Wpf.PopupBox.ToggleCheckedContentTemplate">
            <summary>
            Template for <see cref="P:MaterialDesignThemes.Wpf.PopupBox.ToggleCheckedContent"/>.
            </summary>
        </member>
        <member name="P:MaterialDesignThemes.Wpf.PopupBox.ToggleCheckedContentCommand">
            <summary>
            Command to execute if toggle is checked (popup is open) and <see cref="P:MaterialDesignThemes.Wpf.PopupBox.ToggleCheckedContent"/> is set.
            </summary>
        </member>
        <member name="P:MaterialDesignThemes.Wpf.PopupBox.ToggleCheckedContentCommandParameter">
            <summary>
            Command parameter to use in conjunction with <see cref="P:MaterialDesignThemes.Wpf.PopupBox.ToggleCheckedContentCommand"/>.
            </summary>
        </member>
        <member name="P:MaterialDesignThemes.Wpf.PopupBox.PopupContent">
            <summary>
            Content to display in the content.
            </summary>
        </member>
        <member name="P:MaterialDesignThemes.Wpf.PopupBox.PopupContentTemplate">
            <summary>
            Popup content template.
            </summary>
        </member>
        <member name="P:MaterialDesignThemes.Wpf.PopupBox.IsPopupOpen">
            <summary>
            Gets or sets whether the popup is currently open.
            </summary>
        </member>
        <member name="P:MaterialDesignThemes.Wpf.PopupBox.StaysOpen">
            <summary>
            Indicates of the popup should stay open if a click occurs inside the popup.
            </summary>
        </member>
        <member name="P:MaterialDesignThemes.Wpf.PopupBox.PlacementMode">
            <summary>
            Gets or sets how the popup is aligned in relation to the toggle.
            </summary>
        </member>
        <member name="P:MaterialDesignThemes.Wpf.PopupBox.PopupMode">
            <summary>
            Gets or sets what trigger causes the popup to open.
            </summary>
        </member>
        <member name="F:MaterialDesignThemes.Wpf.PopupBox.UnfurlOrientationProperty">
            <summary>
            Get or sets how to unfurl controls when opening the popups. Only child elements of type <see cref="T:System.Windows.Controls.Primitives.ButtonBase"/> are animated.
            </summary>
        </member>
        <member name="P:MaterialDesignThemes.Wpf.PopupBox.UnfurlOrientation">
            <summary>
            Gets or sets how to unfurl controls when opening the popups. Only child elements of type <see cref="T:System.Windows.Controls.Primitives.ButtonBase"/> are animated.
            </summary>
        </member>
        <member name="P:MaterialDesignThemes.Wpf.PopupBox.PopupPlacementMethod">
            <summary>
            Framework use. Provides the method used to position the popup.
            </summary>
        </member>
        <member name="F:MaterialDesignThemes.Wpf.PopupBox.ToggleCheckedContentClickEvent">
            <summary>
            Event raised when the checked toggled content (if set) is clicked.
            </summary>
        </member>
        <member name="E:MaterialDesignThemes.Wpf.PopupBox.ToggleCheckedContentClick">
            <summary>
            Event raised when the checked toggled content (if set) is clicked.
            </summary>
        </member>
        <member name="M:MaterialDesignThemes.Wpf.PopupBox.OnToggleCheckedContentClick">
            <summary>
            Raises <see cref="F:MaterialDesignThemes.Wpf.PopupBox.ToggleCheckedContentClickEvent"/>.
            </summary>
        </member>
        <member name="E:MaterialDesignThemes.Wpf.PopupBox.Opened">
            <summary>
            Raised when the popup is opened.
            </summary>
        </member>
        <member name="M:MaterialDesignThemes.Wpf.PopupBox.OnOpened">
            <summary>
            Raises <see cref="F:MaterialDesignThemes.Wpf.PopupBox.OpenedEvent"/>.
            </summary>
        </member>
        <member name="E:MaterialDesignThemes.Wpf.PopupBox.Closed">
            <summary>
            Raised when the popup is opened.
            </summary>
        </member>
        <member name="M:MaterialDesignThemes.Wpf.PopupBox.OnClosed">
            <summary>
            Raises <see cref="F:MaterialDesignThemes.Wpf.PopupBox.ClosedEvent"/>.
            </summary>
        </member>
        <member name="M:MaterialDesignThemes.Wpf.PaletteHelper.ReplacePalette(MaterialDesignThemes.Wpf.Palette)">
            <summary>
            Replaces the entire palette
            </summary>
        </member>
        <member name="M:MaterialDesignThemes.Wpf.PaletteHelper.ReplacePrimaryColor(MaterialDesignColors.Swatch)">
            <summary>
            Replaces the primary colour, selecting a balanced set of hues for the light, mid and dark hues.
            </summary>
            <param name="swatch"></param>
        </member>
        <member name="M:MaterialDesignThemes.Wpf.PaletteHelper.QueryPalette">
            <summary>
            Attempts to query the current palette configured in the application's resources.
            </summary>
            <returns></returns>
            <exception cref="T:System.InvalidOperationException">Thrown if there is any ambiguouty regarding the palette. Provided
            standard guidleines have been followed for palette configureation, this should not happen.</exception>
        </member>
        <member name="M:MaterialDesignThemes.Wpf.PaletteHelper.ReplaceEntry(System.Object,System.Object,System.Windows.ResourceDictionary)">
            <summary>
            Replaces a certain entry anywhere in the parent dictionary and its merged dictionaries
            </summary>
            <param name="entryName">The entry to replace</param>
            <param name="newValue">The new entry value</param>
            <param name="parentDictionary">The root dictionary to start searching at. Null means using Application.Current.Resources</param>
        </member>
        <member name="T:MaterialDesignThemes.Wpf.Properties.Resources">
            <summary>
              A strongly-typed resource class, for looking up localized strings, etc.
            </summary>
        </member>
        <member name="P:MaterialDesignThemes.Wpf.Properties.Resources.ResourceManager">
            <summary>
              Returns the cached ResourceManager instance used by this class.
            </summary>
        </member>
        <member name="P:MaterialDesignThemes.Wpf.Properties.Resources.Culture">
            <summary>
              Overrides the current thread's CurrentUICulture property for all
              resource lookups using this strongly typed resource class.
            </summary>
        </member>
        <member name="T:MaterialDesignThemes.Wpf.RatingBar">
            <summary>
            A custom control implementing a rating bar.
            The icon aka content may be set as a DataTemplate via the ButtonContentTemplate property.
            </summary>
        </member>
        <member name="T:MaterialDesignThemes.Wpf.SmartHint">
            <summary>
            A control that implement placeholder behavior. Can work as a simple placeholder either as a floating hint, see <see cref="P:MaterialDesignThemes.Wpf.SmartHint.UseFloating"/> property.
            <para/>
            To set a target control you should set the HintProxy property. Use the <see cref="P:MaterialDesignThemes.Wpf.Converters.HintProxyFabricConverter.Instance"/> converter which converts a control into the IHintProxy interface.
            </summary>
        </member>
        <member name="T:MaterialDesignThemes.Wpf.TextFieldAssist">
            <summary>
            Helper properties for working with text fields.
            </summary>
        </member>
        <member name="F:MaterialDesignThemes.Wpf.TextFieldAssist.TextBoxViewMarginProperty">
            <summary>
            The text box view margin property
            </summary>
        </member>
        <member name="M:MaterialDesignThemes.Wpf.TextFieldAssist.SetTextBoxViewMargin(System.Windows.DependencyObject,System.Windows.Thickness)">
            <summary>
            Sets the text box view margin.
            </summary>
            <param name="element">The element.</param>
            <param name="value">The value.</param>
        </member>
        <member name="M:MaterialDesignThemes.Wpf.TextFieldAssist.GetTextBoxViewMargin(System.Windows.DependencyObject)">
            <summary>
            Gets the text box view margin.
            </summary>
            <param name="element">The element.</param>
            <returns>
            The <see cref="T:System.Windows.Thickness" />.
            </returns>
        </member>
        <member name="F:MaterialDesignThemes.Wpf.TextFieldAssist.DecorationVisibilityProperty">
            <summary>
            Controls the visibility of the underline decoration.
            </summary>
        </member>
        <member name="M:MaterialDesignThemes.Wpf.TextFieldAssist.SetDecorationVisibility(System.Windows.DependencyObject,System.Windows.Visibility)">
            <summary>
            Controls the visibility of the underline decoration.
            </summary>
        </member>
        <member name="M:MaterialDesignThemes.Wpf.TextFieldAssist.GetDecorationVisibility(System.Windows.DependencyObject)">
            <summary>
            Controls the visibility of the underline decoration.
            </summary>
            <param name="element"></param>
            <returns></returns>
        </member>
        <member name="M:MaterialDesignThemes.Wpf.TextFieldAssist.ApplyTextBoxViewMargin(System.Windows.Controls.Control,System.Windows.Thickness)">
            <summary>
            Applies the text box view margin.
            </summary>
            <param name="textBox">The text box.</param>
            <param name="margin">The margin.</param>
        </member>
        <member name="M:MaterialDesignThemes.Wpf.TextFieldAssist.TextBoxViewMarginPropertyChangedCallback(System.Windows.DependencyObject,System.Windows.DependencyPropertyChangedEventArgs)">
            <summary>
            The text box view margin property changed callback.
            </summary>
            <param name="dependencyObject">The dependency object.</param>
            <param name="dependencyPropertyChangedEventArgs">The dependency property changed event args.</param>
        </member>
        <member name="M:MaterialDesignThemes.Wpf.TimePicker.OnIsDropDownOpenChanged(System.Windows.DependencyObject,System.Windows.DependencyPropertyChangedEventArgs)">
            <summary> 
            IsDropDownOpenProperty property changed handler.
            </summary> 
            <param name="d">DatePicker that changed its IsDropDownOpen.</param> 
            <param name="e">DependencyPropertyChangedEventArgs.</param>
        </member>
        <member name="P:MaterialDesignThemes.Wpf.TimePicker.IsInvalidTextAllowed">
            <summary>
            Set to true to stop invalid text reverting back to previous valid value. Useful in cases where you
            want to display validation messages and allow the user to correct the data without it reverting.
            </summary>
        </member>
        <member name="F:MaterialDesignThemes.Wpf.ToggleButtonAssist.OnContentProperty">
            <summary>
            Allows on (IsChecked) content to be provided on supporting <see cref="T:System.Windows.Controls.Primitives.ToggleButton"/> styles.
            </summary>
        </member>
        <member name="M:MaterialDesignThemes.Wpf.ToggleButtonAssist.SetOnContent(System.Windows.DependencyObject,System.Object)">
            <summary>
            Allows on (IsChecked) content to be provided on supporting <see cref="T:System.Windows.Controls.Primitives.ToggleButton"/> styles.
            </summary>
            <param name="element"></param>
            <param name="value"></param>
        </member>
        <member name="M:MaterialDesignThemes.Wpf.ToggleButtonAssist.GetOnContent(System.Windows.DependencyObject)">
            <summary>
            Allows on (IsChecked) content to be provided on supporting <see cref="T:System.Windows.Controls.Primitives.ToggleButton"/> styles.
            </summary>
        </member>
        <member name="F:MaterialDesignThemes.Wpf.ToggleButtonAssist.OnContentTemplateProperty">
            <summary>
            Allows an on (IsChecked) template to be provided on supporting <see cref="T:System.Windows.Controls.Primitives.ToggleButton"/> styles.
            </summary>
        </member>
        <member name="M:MaterialDesignThemes.Wpf.ToggleButtonAssist.SetOnContentTemplate(System.Windows.DependencyObject,System.Windows.DataTemplate)">
            <summary>
            Allows an on (IsChecked) template to be provided on supporting <see cref="T:System.Windows.Controls.Primitives.ToggleButton"/> styles.
            </summary>
        </member>
        <member name="M:MaterialDesignThemes.Wpf.ToggleButtonAssist.GetOnContentTemplate(System.Windows.DependencyObject)">
            <summary>
            Allows an on (IsChecked) template to be provided on supporting <see cref="T:System.Windows.Controls.Primitives.ToggleButton"/> styles.
            </summary>
        </member>
        <member name="F:MaterialDesignThemes.Wpf.RippleAssist.IsCenteredProperty">
            <summary>
            Set to <c>true</c> to cause the ripple to originate from the centre of the 
            content.  Otherwise the effect will originate from the mouse down position.        
            </summary>
        </member>
        <member name="M:MaterialDesignThemes.Wpf.RippleAssist.SetIsCentered(System.Windows.DependencyObject,System.Boolean)">
            <summary>
            Set to <c>true</c> to cause the ripple to originate from the centre of the 
            content.  Otherwise the effect will originate from the mouse down position.        
            </summary>
            <param name="element"></param>
            <param name="value"></param>
        </member>
        <member name="M:MaterialDesignThemes.Wpf.RippleAssist.GetIsCentered(System.Windows.DependencyObject)">
            <summary>
            Set to <c>true</c> to cause the ripple to originate from the centre of the 
            content.  Otherwise the effect will originate from the mouse down position.        
            </summary>
            <param name="element"></param>        
        </member>
        <member name="F:MaterialDesignThemes.Wpf.RippleAssist.IsDisabledProperty">
            <summary>
            Set to <c>True</c> to disable ripple effect
            </summary>
        </member>
        <member name="M:MaterialDesignThemes.Wpf.RippleAssist.SetIsDisabled(System.Windows.DependencyObject,System.Boolean)">
            <summary>
            Set to <c>True</c> to disable ripple effect
            </summary>
            <param name="element"></param>
            <param name="value"></param>
        </member>
        <member name="M:MaterialDesignThemes.Wpf.RippleAssist.GetIsDisabled(System.Windows.DependencyObject)">
            <summary>
            Set to <c>True</c> to disable ripple effect
            </summary>
            <param name="element"></param>        
        </member>
        <member name="F:MaterialDesignThemes.Wpf.Ripple.RecognizesAccessKeyProperty">
            <summary>
              The DependencyProperty for the RecognizesAccessKey property. 
              Default Value: false 
            </summary> 
        </member>
        <member name="P:MaterialDesignThemes.Wpf.Ripple.RecognizesAccessKey">
            <summary> 
              Determine if Ripple should use AccessText in its style
            </summary> 
        </member>
        <member name="T:MaterialDesignThemes.Wpf.Underline">
            <summary>
            
            </summary>
        </member>
        <member name="F:MaterialDesignThemes.Wpf.ValidationAssist.OnlyShowOnFocusProperty">
            <summary>
            The hint property
            </summary>
        </member>
        <member name="F:MaterialDesignThemes.Wpf.ValidationAssist.UsePopupProperty">
            <summary>
            The hint property
            </summary>
        </member>
        <member name="F:MaterialDesignThemes.Wpf.ValidationAssist.SuppressProperty">
            <summary>
            Framework use only.
            </summary>
        </member>
        <member name="M:MaterialDesignThemes.Wpf.ValidationAssist.SetSuppress(System.Windows.DependencyObject,System.Boolean)">
            <summary>
            Framework use only.
            </summary>
            <param name="element"></param>
            <param name="value"></param>
        </member>
        <member name="M:MaterialDesignThemes.Wpf.ValidationAssist.GetSuppress(System.Windows.DependencyObject)">
            <summary>
            Framework use only.
            </summary>
        </member>
    </members>
</doc>
